datetime,tide_cm,tide_name,moon_age
2026-09-29 00:00:00,437.1,中潮,18.0
2026-09-29 00:20:00,404.7,中潮,18.0
2026-09-29 00:40:00,368.2,中潮,18.0
2026-09-29 01:00:00,328.7,中潮,18.0
2026-09-29 01:20:00,287.3,中潮,18.0
2026-09-29 01:40:00,245.1,中潮,18.0
2026-09-29 02:00:00,203.5,中潮,18.0
2026-09-29 02:20:00,163.5,中潮,18.0
2026-09-29 02:40:00,126.4,中潮,18.0
2026-09-29 03:00:00,93.2,中潮,18.0
2026-09-29 03:20:00,64.8,中潮,18.0
2026-09-29 03:40:00,42.2,中潮,18.0
2026-09-29 04:00:00,25.8,中潮,18.0
2026-09-29 04:20:00,16.3,中潮,18.0
2026-09-29 04:40:00,13.9,中潮,18.0
2026-09-29 05:00:00,18.6,中潮,18.0
2026-09-29 05:20:00,30.4,中潮,18.0
2026-09-29 05:40:00,48.8,中潮,18.0
2026-09-29 06:00:00,73.4,中潮,18.0
2026-09-29 06:20:00,103.4,中潮,18.0
2026-09-29 06:40:00,138.1,中潮,18.0
2026-09-29 07:00:00,176.3,中潮,18.0
2026-09-29 07:20:00,217.1,中潮,18.0
2026-09-29 07:40:00,259.3,中潮,18.0
2026-09-29 08:00:00,301.6,中潮,18.0
2026-09-29 08:20:00,342.9,中潮,18.0
2026-09-29 08:40:00,381.9,中潮,18.0
2026-09-29 09:00:00,417.7,中潮,18.0
2026-09-29 09:20:00,449.2,中潮,18.0
2026-09-29 09:40:00,475.6,中潮,18.0
2026-09-29 10:00:00,496.1,中潮,18.0
2026-09-29 10:20:00,510.1,中潮,18.0
2026-09-29 10:40:00,517.4,中潮,18.0
2026-09-29 11:00:00,517.7,中潮,18.0
2026-09-29 11:20:00,511.1,中潮,18.0
2026-09-29 11:40:00,497.9,中潮,18.0
2026-09-29 12:00:00,478.4,中潮,18.0
2026-09-29 12:20:00,453.3,中潮,18.0
2026-09-29 12:40:00,423.3,中潮,18.0
2026-09-29 13:00:00,389.5,中潮,18.0
2026-09-29 13:20:00,352.7,中潮,18.0
2026-09-29 13:40:00,314.1,中潮,18.0
2026-09-29 14:00:00,274.9,中潮,18.0
2026-09-29 14:20:00,236.1,中潮,18.0
2026-09-29 14:40:00,199.1,中潮,18.0
2026-09-29 15:00:00,164.7,中潮,18.0
2026-09-29 15:20:00,134.1,中潮,18.0
2026-09-29 15:40:00,108.2,中潮,18.0
2026-09-29 16:00:00,87.7,中潮,18.0
2026-09-29 16:20:00,73.1,中潮,18.0
2026-09-29 16:40:00,65.0,中潮,18.0
2026-09-29 17:00:00,63.4,中潮,18.0
2026-09-29 17:20:00,68.5,中潮,18.0
2026-09-29 17:40:00,80.1,中潮,18.0
2026-09-29 18:00:00,97.7,中潮,18.0
2026-09-29 18:20:00,120.9,中潮,18.0
2026-09-29 18:40:00,149.0,中潮,18.0
2026-09-29 19:00:00,181.1,中潮,18.0
2026-09-29 19:20:00,216.1,中潮,18.0
2026-09-29 19:40:00,253.2,中潮,18.0
2026-09-29 20:00:00,291.1,中潮,18.0
2026-09-29 20:20:00,328.6,中潮,18.0
2026-09-29 20:40:00,364.8,中潮,18.0
2026-09-29 21:00:00,398.4,中潮,18.0
2026-09-29 21:20:00,428.5,中潮,18.0
2026-09-29 21:40:00,454.2,中潮,18.0
2026-09-29 22:00:00,474.6,中潮,18.0
2026-09-29 22:20:00,489.2,中潮,18.0
2026-09-29 22:40:00,497.4,中潮,18.0
2026-09-29 23:00:00,499.0,中潮,18.0
2026-09-29 23:20:00,494.0,中潮,18.0
2026-09-29 23:40:00,482.4,中潮,18.0
2026-09-30 00:00:00,464.5,中潮,18.0
2026-09-30 00:20:00,440.9,中潮,19.0
2026-09-30 00:40:00,412.1,中潮,19.0
2026-09-30 01:00:00,379.0,中潮,19.0
2026-09-30 01:20:00,342.6,中潮,19.0
2026-09-30 01:40:00,303.8,中潮,19.0
2026-09-30 02:00:00,263.8,中潮,19.0
2026-09-30 02:20:00,223.6,中潮,19.0
2026-09-30 02:40:00,184.5,中潮,19.0
2026-09-30 03:00:00,147.5,中潮,19.0
2026-09-30 03:20:00,113.7,中潮,19.0
2026-09-30 03:40:00,84.0,中潮,19.0
2026-09-30 04:00:00,59.3,中潮,19.0
2026-09-30 04:20:00,40.3,中潮,19.0
2026-09-30 04:40:00,27.4,中潮,19.0
2026-09-30 05:00:00,21.2,中潮,19.0
2026-09-30 05:20:00,21.7,中潮,19.0
2026-09-30 05:40:00,28.9,中潮,19.0
2026-09-30 06:00:00,42.6,中潮,19.0
2026-09-30 06:20:00,62.4,中潮,19.0
2026-09-30 06:40:00,87.8,中潮,19.0
2026-09-30 07:00:00,117.9,中潮,19.0
2026-09-30 07:20:00,152.0,中潮,19.0
2026-09-30 07:40:00,189.1,中潮,19.0
2026-09-30 08:00:00,228.1,中潮,19.0
2026-09-30 08:20:00,267.9,中潮,19.0
2026-09-30 08:40:00,307.5,中潮,19.0
2026-09-30 09:00:00,345.7,中潮,19.0
2026-09-30 09:20:00,381.5,中潮,19.0
2026-09-30 09:40:00,413.8,中潮,19.0
2026-09-30 10:00:00,441.8,中潮,19.0
2026-09-30 10:20:00,464.8,中潮,19.0
2026-09-30 10:40:00,482.2,中潮,19.0
2026-09-30 11:00:00,493.5,中潮,19.0
2026-09-30 11:20:00,498.4,中潮,19.0
2026-09-30 11:40:00,497.0,中潮,19.0
2026-09-30 12:00:00,489.3,中潮,19.0
2026-09-30 12:20:00,475.6,中潮,19.0
2026-09-30 12:40:00,456.3,中潮,19.0
2026-09-30 13:00:00,432.2,中潮,19.0
2026-09-30 13:20:00,404.0,中潮,19.0
2026-09-30 13:40:00,372.5,中潮,19.0
2026-09-30 14:00:00,338.8,中潮,19.0
2026-09-30 14:20:00,303.8,中潮,19.0
2026-09-30 14:40:00,268.6,中潮,19.0
2026-09-30 15:00:00,234.2,中潮,19.0
2026-09-30 15:20:00,201.8,中潮,19.0
2026-09-30 15:40:00,172.1,中潮,19.0
2026-09-30 16:00:00,146.2,中潮,19.0
2026-09-30 16:20:00,124.8,中潮,19.0
2026-09-30 16:40:00,108.5,中潮,19.0
2026-09-30 17:00:00,97.7,中潮,19.0
2026-09-30 17:20:00,92.8,中潮,19.0
2026-09-30 17:40:00,93.8,中潮,19.0
2026-09-30 18:00:00,100.8,中潮,19.0
2026-09-30 18:20:00,113.4,中潮,19.0
2026-09-30 18:40:00,131.3,中潮,19.0
2026-09-30 19:00:00,153.9,中潮,19.0
2026-09-30 19:20:00,180.5,中潮,19.0
2026-09-30 19:40:00,210.4,中潮,19.0
2026-09-30 20:00:00,242.5,中潮,19.0
2026-09-30 20:20:00,275.9,中潮,19.0
2026-09-30 20:40:00,309.6,中潮,19.0
2026-09-30 21:00:00,342.6,中潮,19.0
2026-09-30 21:20:00,373.8,中潮,19.0
2026-09-30 21:40:00,402.4,中潮,19.0
2026-09-30 22:00:00,427.3,中潮,19.0
2026-09-30 22:20:00,448.0,中潮,19.0
2026-09-30 22:40:00,463.6,中潮,19.0
2026-09-30 23:00:00,473.8,中潮,19.0
2026-09-30 23:20:00,478.2,中潮,19.0
2026-09-30 23:40:00,476.6,中潮,19.0
2026-10-01 00:00:00,469.0,中潮,19.0
2026-10-01 00:20:00,455.6,中潮,20.0
2026-10-01 00:40:00,436.8,中潮,20.0
2026-10-01 01:00:00,413.0,中潮,20.0
2026-10-01 01:20:00,385.0,中潮,20.0
2026-10-01 01:40:00,353.4,中潮,20.0
2026-10-01 02:00:00,319.2,中潮,20.0
2026-10-01 02:20:00,283.3,中潮,20.0
2026-10-01 02:40:00,246.8,中潮,20.0
2026-10-01 03:00:00,210.5,中潮,20.0
2026-10-01 03:20:00,175.6,中潮,20.0
2026-10-01 03:40:00,143.0,中潮,20.0
2026-10-01 04:00:00,113.6,中潮,20.0
2026-10-01 04:20:00,88.3,中潮,20.0
2026-10-01 04:40:00,67.6,中潮,20.0
2026-10-01 05:00:00,52.3,中潮,20.0
2026-10-01 05:20:00,42.7,中潮,20.0
2026-10-01 05:40:00,39.0,中潮,20.0
2026-10-01 06:00:00,41.3,中潮,20.0
2026-10-01 06:20:00,49.6,中潮,20.0
2026-10-01 06:40:00,63.6,中潮,20.0
2026-10-01 07:00:00,82.9,中潮,20.0
2026-10-01 07:20:00,106.9,中潮,20.0
2026-10-01 07:40:00,135.0,中潮,20.0
2026-10-01 08:00:00,166.3,中潮,20.0
2026-10-01 08:20:00,200.0,中潮,20.0
2026-10-01 08:40:00,235.1,中潮,20.0
2026-10-01 09:00:00,270.6,中潮,20.0
2026-10-01 09:20:00,305.6,中潮,20.0
2026-10-01 09:40:00,339.2,中潮,20.0
2026-10-01 10:00:00,370.3,中潮,20.0
2026-10-01 10:20:00,398.2,中潮,20.0
2026-10-01 10:40:00,422.2,中潮,20.0
2026-10-01 11:00:00,441.6,中潮,20.0
2026-10-01 11:20:00,456.0,中潮,20.0
2026-10-01 11:40:00,465.0,中潮,20.0
2026-10-01 12:00:00,468.5,中潮,20.0
2026-10-01 12:20:00,466.4,中潮,20.0
2026-10-01 12:40:00,459.0,中潮,20.0
2026-10-01 13:00:00,446.5,中潮,20.0
2026-10-01 13:20:00,429.4,中潮,20.0
2026-10-01 13:40:00,408.2,中潮,20.0
2026-10-01 14:00:00,383.7,中潮,20.0
2026-10-01 14:20:00,356.5,中潮,20.0
2026-10-01 14:40:00,327.7,中潮,20.0
2026-10-01 15:00:00,298.1,中潮,20.0
2026-10-01 15:20:00,268.5,中潮,20.0
2026-10-01 15:40:00,239.9,中潮,20.0
2026-10-01 16:00:00,213.1,中潮,20.0
2026-10-01 16:20:00,189.0,中潮,20.0
2026-10-01 16:40:00,168.2,中潮,20.0
2026-10-01 17:00:00,151.4,中潮,20.0
2026-10-01 17:20:00,139.0,中潮,20.0
2026-10-01 17:40:00,131.4,中潮,20.0
2026-10-01 18:00:00,128.8,中潮,20.0
2026-10-01 18:20:00,131.2,中潮,20.0
2026-10-01 18:40:00,138.5,中潮,20.0
2026-10-01 19:00:00,150.5,中潮,20.0
2026-10-01 19:20:00,166.8,中潮,20.0
2026-10-01 19:40:00,186.9,中潮,20.0
2026-10-01 20:00:00,210.2,中潮,20.0
2026-10-01 20:20:00,235.9,中潮,20.0
2026-10-01 20:40:00,263.2,中潮,20.0
2026-10-01 21:00:00,291.3,中潮,20.0
2026-10-01 21:20:00,319.3,中潮,20.0
2026-10-01 21:40:00,346.5,中潮,20.0
2026-10-01 22:00:00,371.8,中潮,20.0
2026-10-01 22:20:00,394.6,中潮,20.0
2026-10-01 22:40:00,414.2,中潮,20.0
2026-10-01 23:00:00,429.9,中潮,20.0
2026-10-01 23:20:00,441.2,中潮,20.0
2026-10-01 23:40:00,447.8,中潮,20.0
2026-10-02 00:00:00,449.5,中潮,20.0
2026-10-02 00:20:00,446.0,小潮,21.0
2026-10-02 00:40:00,437.6,小潮,21.0
2026-10-02 01:00:00,424.3,小潮,21.0
2026-10-02 01:20:00,406.6,小潮,21.0
2026-10-02 01:40:00,384.9,小潮,21.0
2026-10-02 02:00:00,359.8,小潮,21.0
2026-10-02 02:20:00,331.9,小潮,21.0
2026-10-02 02:40:00,302.0,小潮,21.0
2026-10-02 03:00:00,271.0,小潮,21.0
2026-10-02 03:20:00,239.6,小潮,21.0
2026-10-02 03:40:00,208.7,小潮,21.0
2026-10-02 04:00:00,179.2,小潮,21.0
2026-10-02 04:20:00,151.9,小潮,21.0
2026-10-02 04:40:00,127.4,小潮,21.0
2026-10-02 05:00:00,106.5,小潮,21.0
2026-10-02 05:20:00,89.7,小潮,21.0
2026-10-02 05:40:00,77.4,小潮,21.0
2026-10-02 06:00:00,70.0,小潮,21.0
2026-10-02 06:20:00,67.6,小潮,21.0
2026-10-02 06:40:00,70.2,小潮,21.0
2026-10-02 07:00:00,77.8,小潮,21.0
2026-10-02 07:20:00,90.2,小潮,21.0
2026-10-02 07:40:00,106.9,小潮,21.0
2026-10-02 08:00:00,127.4,小潮,21.0
2026-10-02 08:20:00,151.3,小潮,21.0
2026-10-02 08:40:00,177.7,小潮,21.0
2026-10-02 09:00:00,206.0,小潮,21.0
2026-10-02 09:20:00,235.4,小潮,21.0
2026-10-02 09:40:00,265.2,小潮,21.0
2026-10-02 10:00:00,294.4,小潮,21.0
2026-10-02 10:20:00,322.3,小潮,21.0
2026-10-02 10:40:00,348.2,小潮,21.0
2026-10-02 11:00:00,371.4,小潮,21.0
2026-10-02 11:20:00,391.4,小潮,21.0
2026-10-02 11:40:00,407.6,小潮,21.0
2026-10-02 12:00:00,419.8,小潮,21.0
2026-10-02 12:20:00,427.5,小潮,21.0
2026-10-02 12:40:00,430.9,小潮,21.0
2026-10-02 13:00:00,429.7,小潮,21.0
2026-10-02 13:20:00,424.3,小潮,21.0
2026-10-02 13:40:00,414.7,小潮,21.0
2026-10-02 14:00:00,401.5,小潮,21.0
2026-10-02 14:20:00,385.1,小潮,21.0
2026-10-02 14:40:00,366.1,小潮,21.0
2026-10-02 15:00:00,345.0,小潮,21.0
2026-10-02 15:20:00,322.6,小潮,21.0
2026-10-02 15:40:00,299.5,小潮,21.0
2026-10-02 16:00:00,276.5,小潮,21.0
2026-10-02 16:20:00,254.4,小潮,21.0
2026-10-02 16:40:00,233.7,小潮,21.0
2026-10-02 17:00:00,215.1,小潮,21.0
2026-10-02 17:20:00,199.1,小潮,21.0
2026-10-02 17:40:00,186.3,小潮,21.0
2026-10-02 18:00:00,176.9,小潮,21.0
2026-10-02 18:20:00,171.2,小潮,21.0
2026-10-02 18:40:00,169.5,小潮,21.0
2026-10-02 19:00:00,171.6,小潮,21.0
2026-10-02 19:20:00,177.5,小潮,21.0
2026-10-02 19:40:00,187.1,小潮,21.0
2026-10-02 20:00:00,199.9,小潮,21.0
2026-10-02 20:20:00,215.6,小潮,21.0
2026-10-02 20:40:00,233.7,小潮,21.0
2026-10-02 21:00:00,253.6,小潮,21.0
2026-10-02 21:20:00,274.7,小潮,21.0
2026-10-02 21:40:00,296.3,小潮,21.0
2026-10-02 22:00:00,317.8,小潮,21.0
2026-10-02 22:20:00,338.4,小潮,21.0
2026-10-02 22:40:00,357.6,小潮,21.0
2026-10-02 23:00:00,374.8,小潮,21.0
2026-10-02 23:20:00,389.4,小潮,21.0
2026-10-02 23:40:00,401.0,小潮,21.0
2026-10-03 00:00:00,409.1,小潮,21.0
2026-10-03 00:20:00,413.5,小潮,22.0
2026-10-03 00:40:00,414.0,小潮,22.0
2026-10-03 01:00:00,410.6,小潮,22.0
2026-10-03 01:20:00,403.4,小潮,22.0
2026-10-03 01:40:00,392.4,小潮,22.0
2026-10-03 02:00:00,377.9,小潮,22.0
2026-10-03 02:20:00,360.4,小潮,22.0
2026-10-03 02:40:00,340.2,小潮,22.0
2026-10-03 03:00:00,317.9,小潮,22.0
2026-10-03 03:20:00,294.0,小潮,22.0
2026-10-03 03:40:00,269.3,小潮,22.0
2026-10-03 04:00:00,244.2,小潮,22.0
2026-10-03 04:20:00,219.6,小潮,22.0
2026-10-03 04:40:00,196.0,小潮,22.0
2026-10-03 05:00:00,174.1,小潮,22.0
2026-10-03 05:20:00,154.4,小潮,22.0
2026-10-03 05:40:00,137.4,小潮,22.0
2026-10-03 06:00:00,123.5,小潮,22.0
2026-10-03 06:20:00,113.2,小潮,22.0
2026-10-03 06:40:00,106.5,小潮,22.0
2026-10-03 07:00:00,103.8,小潮,22.0
2026-10-03 07:20:00,104.9,小潮,22.0
2026-10-03 07:40:00,109.9,小潮,22.0
2026-10-03 08:00:00,118.6,小潮,22.0
2026-10-03 08:20:00,130.7,小潮,22.0
2026-10-03 08:40:00,145.9,小潮,22.0
2026-10-03 09:00:00,163.7,小潮,22.0
2026-10-03 09:20:00,183.6,小潮,22.0
2026-10-03 09:40:00,205.1,小潮,22.0
2026-10-03 10:00:00,227.7,小潮,22.0
2026-10-03 10:20:00,250.7,小潮,22.0
2026-10-03 10:40:00,273.5,小潮,22.0
2026-10-03 11:00:00,295.5,小潮,22.0
2026-10-03 11:20:00,316.3,小潮,22.0
2026-10-03 11:40:00,335.2,小潮,22.0
2026-10-03 12:00:00,351.9,小潮,22.0
2026-10-03 12:20:00,365.9,小潮,22.0
2026-10-03 12:40:00,377.0,小潮,22.0
2026-10-03 13:00:00,385.0,小潮,22.0
2026-10-03 13:20:00,389.7,小潮,22.0
2026-10-03 13:40:00,391.1,小潮,22.0
2026-10-03 14:00:00,389.4,小潮,22.0
2026-10-03 14:20:00,384.5,小潮,22.0
2026-10-03 14:40:00,376.9,小潮,22.0
2026-10-03 15:00:00,366.7,小潮,22.0
2026-10-03 15:20:00,354.5,小潮,22.0
2026-10-03 15:40:00,340.5,小潮,22.0
2026-10-03 16:00:00,325.3,小潮,22.0
2026-10-03 16:20:00,309.5,小潮,22.0
2026-10-03 16:40:00,293.4,小潮,22.0
2026-10-03 17:00:00,277.6,小潮,22.0
2026-10-03 17:20:00,262.6,小潮,22.0
2026-10-03 17:40:00,248.8,小潮,22.0
2026-10-03 18:00:00,236.7,小潮,22.0
2026-10-03 18:20:00,226.6,小潮,22.0
2026-10-03 18:40:00,218.8,小潮,22.0
2026-10-03 19:00:00,213.5,小潮,22.0
2026-10-03 19:20:00,210.8,小潮,22.0
2026-10-03 19:40:00,210.8,小潮,22.0
2026-10-03 20:00:00,213.5,小潮,22.0
2026-10-03 20:20:00,218.7,小潮,22.0
2026-10-03 20:40:00,226.4,小潮,22.0
2026-10-03 21:00:00,236.1,小潮,22.0
2026-10-03 21:20:00,247.6,小潮,22.0
2026-10-03 21:40:00,260.6,小潮,22.0
2026-10-03 22:00:00,274.5,小潮,22.0
2026-10-03 22:20:00,289.1,小潮,22.0
2026-10-03 22:40:00,303.8,小潮,22.0
2026-10-03 23:00:00,318.1,小潮,22.0
2026-10-03 23:20:00,331.6,小潮,22.0
2026-10-03 23:40:00,344.0,小潮,22.0
2026-10-04 00:00:00,354.7,小潮,22.0
2026-10-04 00:20:00,363.5,小潮,23.0
2026-10-04 00:40:00,370.0,小潮,23.0
2026-10-04 01:00:00,374.0,小潮,23.0
2026-10-04 01:20:00,375.4,小潮,23.0
2026-10-04 01:40:00,374.1,小潮,23.0
2026-10-04 02:00:00,370.1,小潮,23.0
2026-10-04 02:20:00,363.4,小潮,23.0
2026-10-04 02:40:00,354.1,小潮,23.0
2026-10-04 03:00:00,342.6,小潮,23.0
2026-10-04 03:20:00,329.0,小潮,23.0
2026-10-04 03:40:00,313.7,小潮,23.0
2026-10-04 04:00:00,297.0,小潮,23.0
2026-10-04 04:20:00,279.4,小潮,23.0
2026-10-04 04:40:00,261.3,小潮,23.0
2026-10-04 05:00:00,243.1,小潮,23.0
2026-10-04 05:20:00,225.3,小潮,23.0
2026-10-04 05:40:00,208.3,小潮,23.0
2026-10-04 06:00:00,192.6,小潮,23.0
2026-10-04 06:20:00,178.4,小潮,23.0
2026-10-04 06:40:00,166.2,小潮,23.0
2026-10-04 07:00:00,156.2,小潮,23.0
2026-10-04 07:20:00,148.7,小潮,23.0
2026-10-04 07:40:00,143.8,小潮,23.0
2026-10-04 08:00:00,141.6,小潮,23.0
2026-10-04 08:20:00,142.1,小潮,23.0
2026-10-04 08:40:00,145.3,小潮,23.0
2026-10-04 09:00:00,151.2,小潮,23.0
2026-10-04 09:20:00,159.4,小潮,23.0
2026-10-04 09:40:00,169.9,小潮,23.0
2026-10-04 10:00:00,182.3,小潮,23.0
2026-10-04 10:20:00,196.3,小潮,23.0
2026-10-04 10:40:00,211.5,小潮,23.0
2026-10-04 11:00:00,227.6,小潮,23.0
2026-10-04 11:20:00,244.1,小潮,23.0
2026-10-04 11:40:00,260.7,小潮,23.0
2026-10-04 12:00:00,277.0,小潮,23.0
2026-10-04 12:20:00,292.6,小潮,23.0
2026-10-04 12:40:00,307.2,小潮,23.0
2026-10-04 13:00:00,320.4,小潮,23.0
2026-10-04 13:20:00,332.0,小潮,23.0
2026-10-04 13:40:00,341.7,小潮,23.0
2026-10-04 14:00:00,349.4,小潮,23.0
2026-10-04 14:20:00,355.0,小潮,23.0
2026-10-04 14:40:00,358.4,小潮,23.0
2026-10-04 15:00:00,359.7,小潮,23.0
2026-10-04 15:20:00,358.7,小潮,23.0
2026-10-04 15:40:00,355.8,小潮,23.0
2026-10-04 16:00:00,351.1,小潮,23.0
2026-10-04 16:20:00,344.7,小潮,23.0
2026-10-04 16:40:00,336.9,小潮,23.0
2026-10-04 17:00:00,328.0,小潮,23.0
2026-10-04 17:20:00,318.4,小潮,23.0
2026-10-04 17:40:00,308.2,小潮,23.0
2026-10-04 18:00:00,297.8,小潮,23.0
2026-10-04 18:20:00,287.6,小潮,23.0
2026-10-04 18:40:00,277.9,小潮,23.0
2026-10-04 19:00:00,268.9,小潮,23.0
2026-10-04 19:20:00,260.8,小潮,23.0
2026-10-04 19:40:00,254.0,小潮,23.0
2026-10-04 20:00:00,248.6,小潮,23.0
2026-10-04 20:20:00,244.7,小潮,23.0
2026-10-04 20:40:00,242.4,小潮,23.0
2026-10-04 21:00:00,241.8,小潮,23.0
2026-10-04 21:20:00,242.9,小潮,23.0
2026-10-04 21:40:00,245.6,小潮,23.0
2026-10-04 22:00:00,249.7,小潮,23.0
2026-10-04 22:20:00,255.2,小潮,23.0
2026-10-04 22:40:00,261.9,小潮,23.0
2026-10-04 23:00:00,269.5,小潮,23.0
2026-10-04 23:20:00,277.9,小潮,23.0
2026-10-04 23:40:00,286.7,小潮,23.0
2026-10-05 00:00:00,295.6,小潮,23.0
2026-10-05 00:20:00,304.4,長潮,24.0
2026-10-05 00:40:00,312.8,長潮,24.0
2026-10-05 01:00:00,320.6,長潮,24.0
2026-10-05 01:20:00,327.4,長潮,24.0
2026-10-05 01:40:00,333.0,長潮,24.0
2026-10-05 02:00:00,337.3,長潮,24.0
2026-10-05 02:20:00,340.1,長潮,24.0
2026-10-05 02:40:00,341.2,長潮,24.0
2026-10-05 03:00:00,340.5,長潮,24.0
2026-10-05 03:20:00,338.1,長潮,24.0
2026-10-05 03:40:00,333.9,長潮,24.0
2026-10-05 04:00:00,328.0,長潮,24.0
2026-10-05 04:20:00,320.5,長潮,24.0
2026-10-05 04:40:00,311.5,長潮,24.0
2026-10-05 05:00:00,301.2,長潮,24.0
2026-10-05 05:20:00,289.8,長潮,24.0
2026-10-05 05:40:00,277.6,長潮,24.0
2026-10-05 06:00:00,264.8,長潮,24.0
2026-10-05 06:20:00,251.7,長潮,24.0
2026-10-05 06:40:00,238.6,長潮,24.0
2026-10-05 07:00:00,225.9,長潮,24.0
2026-10-05 07:20:00,213.7,長潮,24.0
2026-10-05 07:40:00,202.4,長潮,24.0
2026-10-05 08:00:00,192.3,長潮,24.0
2026-10-05 08:20:00,183.5,長潮,24.0
2026-10-05 08:40:00,176.3,長潮,24.0
2026-10-05 09:00:00,170.9,長潮,24.0
2026-10-05 09:20:00,167.3,長潮,24.0
2026-10-05 09:40:00,165.8,長潮,24.0
2026-10-05 10:00:00,166.3,長潮,24.0
2026-10-05 10:20:00,168.8,長潮,24.0
2026-10-05 10:40:00,173.3,長潮,24.0
2026-10-05 11:00:00,179.7,長潮,24.0
2026-10-05 11:20:00,187.8,長潮,24.0
2026-10-05 11:40:00,197.5,長潮,24.0
2026-10-05 12:00:00,208.6,長潮,24.0
2026-10-05 12:20:00,220.8,長潮,24.0
2026-10-05 12:40:00,233.9,長潮,24.0
2026-10-05 13:00:00,247.6,長潮,24.0
2026-10-05 13:20:00,261.5,長潮,24.0
2026-10-05 13:40:00,275.5,長潮,24.0
2026-10-05 14:00:00,289.1,長潮,24.0
2026-10-05 14:20:00,302.1,長潮,24.0
2026-10-05 14:40:00,314.2,長潮,24.0
2026-10-05 15:00:00,325.2,長潮,24.0
2026-10-05 15:20:00,334.9,長潮,24.0
2026-10-05 15:40:00,343.0,長潮,24.0
2026-10-05 16:00:00,349.5,長潮,24.0
2026-10-05 16:20:00,354.1,長潮,24.0
2026-10-05 16:40:00,356.9,長潮,24.0
2026-10-05 17:00:00,357.8,長潮,24.0
2026-10-05 17:20:00,356.8,長潮,24.0
2026-10-05 17:40:00,354.1,長潮,24.0
2026-10-05 18:00:00,349.6,長潮,24.0
2026-10-05 18:20:00,343.7,長潮,24.0
2026-10-05 18:40:00,336.5,長潮,24.0
2026-10-05 19:00:00,328.1,長潮,24.0
2026-10-05 19:20:00,318.9,長潮,24.0
2026-10-05 19:40:00,309.2,長潮,24.0
2026-10-05 20:00:00,299.1,長潮,24.0
2026-10-05 20:20:00,289.0,長潮,24.0
2026-10-05 20:40:00,279.1,長潮,24.0
2026-10-05 21:00:00,269.8,長潮,24.0
2026-10-05 21:20:00,261.3,長潮,24.0
2026-10-05 21:40:00,253.8,長潮,24.0
2026-10-05 22:00:00,247.6,長潮,24.0
2026-10-05 22:20:00,242.7,長潮,24.0
2026-10-05 22:40:00,239.3,長潮,24.0
2026-10-05 23:00:00,237.6,長潮,24.0
2026-10-05 23:20:00,237.4,長潮,24.0
2026-10-05 23:40:00,239.0,長潮,24.0
2026-10-06 00:00:00,242.0,長潮,24.0
