datetime,downstream_water_level_tpm,downstream_source_label,downstream_updated_at,upstream_water_level_tpm,upstream_source_label,upstream_updated_at
2026-10-05 06:00:00,0.89,10/05 06:00,2026-10-08 05:40:00,3.16,10/05 06:00,2026-10-08 05:40:00
2026-10-05 07:00:00,0.66,10/05 07:00,2026-10-08 05:40:00,3.15,10/05 07:00,2026-10-08 05:40:00
2026-10-05 08:00:00,0.45,10/05 08:00,2026-10-08 05:40:00,3.15,10/05 08:00,2026-10-08 05:40:00
2026-10-05 09:00:00,0.29,10/05 09:00,2026-10-08 05:40:00,3.15,10/05 09:00,2026-10-08 05:40:00
2026-10-05 10:00:00,0.18,10/05 10:00,2026-10-08 05:40:00,3.15,10/05 10:00,2026-10-08 05:40:00
2026-10-05 11:00:00,0.1,10/05 11:00,2026-10-08 05:40:00,3.14,10/05 11:00,2026-10-08 05:40:00
2026-10-05 12:00:00,0.03,10/05 12:00,2026-10-08 05:40:00,3.14,10/05 12:00,2026-10-08 05:40:00
2026-10-05 13:00:00,-0.02,10/05 13:00,2026-10-08 05:40:00,3.15,10/05 13:00,2026-10-08 05:40:00
2026-10-05 14:00:00,0.23,10/05 14:00,2026-10-08 05:40:00,3.15,10/05 14:00,2026-10-08 05:40:00
2026-10-05 15:00:00,0.73,10/05 15:00,2026-10-08 05:40:00,3.17,10/05 15:00,2026-10-08 05:40:00
2026-10-05 16:00:00,1.47,10/05 16:00,2026-10-08 05:40:00,3.16,10/05 16:00,2026-10-08 05:40:00
2026-10-05 17:00:00,1.85,10/05 17:00,2026-10-08 05:40:00,3.15,10/05 17:00,2026-10-08 05:40:00
2026-10-05 18:00:00,1.74,10/05 18:00,2026-10-08 05:40:00,3.14,10/05 18:00,2026-10-08 05:40:00
2026-10-05 19:00:00,1.48,10/05 19:00,2026-10-08 05:40:00,3.14,10/05 19:00,2026-10-08 05:40:00
2026-10-05 20:00:00,1.18,10/05 20:00,2026-10-08 05:40:00,3.14,10/05 20:00,2026-10-08 05:40:00
2026-10-05 21:00:00,0.86,10/05 21:00,2026-10-08 05:40:00,3.14,10/05 21:00,2026-10-08 05:40:00
2026-10-05 22:00:00,0.61,10/05 22:00,2026-10-08 05:40:00,3.14,10/05 22:00,2026-10-08 05:40:00
2026-10-05 23:00:00,0.42,10/05 23:00,2026-10-08 05:40:00,3.14,10/05 23:00,2026-10-08 05:40:00
2026-10-06 00:00:00,0.28,10/05 24:00,2026-10-08 05:40:00,3.14,10/05 24:00,2026-10-08 05:40:00
2026-10-06 01:00:00,0.19,10/06 01:00,2026-10-08 05:40:00,3.14,10/06 01:00,2026-10-08 05:40:00
2026-10-06 02:00:00,0.26,10/06 02:00,2026-10-08 05:40:00,3.14,10/06 02:00,2026-10-08 05:40:00
2026-10-06 03:00:00,0.63,10/06 03:00,2026-10-08 05:40:00,3.14,10/06 03:00,2026-10-08 05:40:00
2026-10-06 04:00:00,1.24,10/06 04:00,2026-10-08 05:40:00,3.14,10/06 04:00,2026-10-08 05:40:00
2026-10-06 05:00:00,1.8,10/06 05:00,2026-10-08 05:40:00,3.15,10/06 05:00,2026-10-08 05:40:00
2026-10-06 06:00:00,1.78,10/06 06:00,2026-10-08 05:40:00,3.16,10/06 06:00,2026-10-08 05:40:00
2026-10-06 07:00:00,1.47,10/06 07:00,2026-10-08 05:40:00,3.17,10/06 07:00,2026-10-08 05:40:00
2026-10-06 08:00:00,1.06,10/06 08:00,2026-10-08 05:40:00,3.17,10/06 08:00,2026-10-08 05:40:00
2026-10-06 09:00:00,0.72,10/06 09:00,2026-10-08 05:40:00,3.16,10/06 09:00,2026-10-08 05:40:00
2026-10-06 10:00:00,0.48,10/06 10:00,2026-10-08 05:40:00,3.15,10/06 10:00,2026-10-08 05:40:00
2026-10-06 11:00:00,0.3,10/06 11:00,2026-10-08 05:40:00,3.16,10/06 11:00,2026-10-08 05:40:00
2026-10-06 12:00:00,0.2,10/06 12:00,2026-10-08 05:40:00,3.17,10/06 12:00,2026-10-08 05:40:00
2026-10-06 13:00:00,0.14,10/06 13:00,2026-10-08 05:40:00,3.14,10/06 13:00,2026-10-08 05:40:00
2026-10-06 14:00:00,0.05,10/06 14:00,2026-10-08 05:40:00,3.16,10/06 14:00,2026-10-08 05:40:00
2026-10-06 15:00:00,0.02,10/06 15:00,2026-10-08 05:40:00,3.16,10/06 15:00,2026-10-08 05:40:00
2026-10-06 16:00:00,0.44,10/06 16:00,2026-10-08 05:40:00,3.16,10/06 16:00,2026-10-08 05:40:00
2026-10-06 17:00:00,1.41,10/06 17:00,2026-10-08 05:40:00,3.16,10/06 17:00,2026-10-08 05:40:00
2026-10-06 18:00:00,2.24,10/06 18:00,2026-10-08 05:40:00,3.16,10/06 18:00,2026-10-08 05:40:00
2026-10-06 19:00:00,2.21,10/06 19:00,2026-10-08 05:40:00,3.17,10/06 19:00,2026-10-08 05:40:00
2026-10-06 20:00:00,1.79,10/06 20:00,2026-10-08 05:40:00,3.16,10/06 20:00,2026-10-08 05:40:00
2026-10-06 21:00:00,1.26,10/06 21:00,2026-10-08 05:40:00,3.16,10/06 21:00,2026-10-08 05:40:00
2026-10-06 22:00:00,0.84,10/06 22:00,2026-10-08 05:40:00,3.16,10/06 22:00,2026-10-08 05:40:00
2026-10-06 23:00:00,0.56,10/06 23:00,2026-10-08 05:40:00,3.16,10/06 23:00,2026-10-08 05:40:00
2026-10-07 00:00:00,0.33,10/06 24:00,2026-10-08 05:40:00,3.16,10/06 24:00,2026-10-08 05:40:00
2026-10-07 01:00:00,0.19,10/07 01:00,2026-10-08 05:40:00,3.17,10/07 01:00,2026-10-08 05:40:00
2026-10-07 02:00:00,0.08,10/07 02:00,2026-10-08 05:40:00,3.16,10/07 02:00,2026-10-08 05:40:00
2026-10-07 03:00:00,0.04,10/07 03:00,2026-10-08 05:40:00,3.16,10/07 03:00,2026-10-08 05:40:00
2026-10-07 04:00:00,0.37,10/07 04:00,2026-10-08 05:40:00,3.16,10/07 04:00,2026-10-08 05:40:00
2026-10-07 05:00:00,1.15,10/07 05:00,2026-10-08 05:40:00,3.16,10/07 05:00,2026-10-08 05:40:00
2026-10-07 06:00:00,2.11,10/07 06:00,2026-10-08 05:40:00,3.17,10/07 06:00,2026-10-08 05:40:00
2026-10-07 07:00:00,2.33,10/07 07:00,2026-10-08 05:40:00,3.17,10/07 07:00,2026-10-08 05:40:00
2026-10-07 08:00:00,1.89,10/07 08:00,2026-10-08 05:40:00,3.17,10/07 08:00,2026-10-08 05:40:00
2026-10-07 09:00:00,1.28,10/07 09:00,2026-10-08 05:40:00,3.17,10/07 09:00,2026-10-08 05:40:00
2026-10-07 10:00:00,0.86,10/07 10:00,2026-10-08 05:40:00,3.15,10/07 10:00,2026-10-08 05:40:00
2026-10-07 11:00:00,0.55,10/07 11:00,2026-10-08 05:40:00,3.16,10/07 11:00,2026-10-08 05:40:00
2026-10-07 12:00:00,0.34,10/07 12:00,2026-10-08 05:40:00,3.19,10/07 12:00,2026-10-08 05:40:00
2026-10-07 13:00:00,0.24,10/07 13:00,2026-10-08 05:40:00,3.17,10/07 13:00,2026-10-08 05:40:00
2026-10-07 14:00:00,0.17,10/07 14:00,2026-10-08 05:40:00,3.13,10/07 14:00,2026-10-08 05:40:00
2026-10-07 15:00:00,0.09,10/07 15:00,2026-10-08 05:40:00,3.13,10/07 15:00,2026-10-08 05:40:00
2026-10-07 16:00:00,0.01,10/07 16:00,2026-10-08 05:40:00,3.13,10/07 16:00,2026-10-08 05:40:00
2026-10-07 17:00:00,0.33,10/07 17:00,2026-10-08 05:40:00,3.16,10/07 17:00,2026-10-08 05:40:00
2026-10-07 18:00:00,1.5,10/07 18:00,2026-10-08 05:40:00,3.16,10/07 18:00,2026-10-08 05:40:00
2026-10-07 19:00:00,2.55,10/07 19:00,2026-10-08 05:40:00,3.15,10/07 19:00,2026-10-08 05:40:00
2026-10-07 20:00:00,2.54,10/07 20:00,2026-10-08 05:40:00,3.16,10/07 20:00,2026-10-08 05:40:00
2026-10-07 21:00:00,1.92,10/07 21:00,2026-10-08 05:40:00,3.16,10/07 21:00,2026-10-08 05:40:00
2026-10-07 22:00:00,1.27,10/07 22:00,2026-10-08 05:40:00,3.16,10/07 22:00,2026-10-08 05:40:00
2026-10-07 23:00:00,0.83,10/07 23:00,2026-10-08 05:40:00,3.15,10/07 23:00,2026-10-08 05:40:00
2026-10-08 00:00:00,0.52,10/07 24:00,2026-10-08 05:40:00,3.15,10/07 24:00,2026-10-08 05:40:00
2026-10-08 01:00:00,0.3,10/08 01:00,2026-10-08 05:40:00,3.16,10/08 01:00,2026-10-08 05:40:00
2026-10-08 02:00:00,0.16,10/08 02:00,2026-10-08 05:40:00,3.16,10/08 02:00,2026-10-08 05:40:00
2026-10-08 03:00:00,0.06,10/08 03:00,2026-10-08 05:40:00,3.16,10/08 03:00,2026-10-08 05:40:00
2026-10-08 04:00:00,-0.01,10/08 04:00,2026-10-08 05:40:00,3.16,10/08 04:00,2026-10-08 05:40:00
2026-10-08 05:00:00,0.2,10/08 05:00,2026-10-08 05:40:00,3.16,10/08 05:00,2026-10-08 05:40:00
