datetime,downstream_water_level_tpm,upstream_water_level_tpm,downstream_updated_at,upstream_updated_at,tide_cm,tide_name,moon_age,tide_datetime,time_diff_minutes
2026-10-07 08:00:00,1.89,3.17,2026-10-10 07:40:00,2026-10-10 07:40:00,321.96666666666664,中潮,26.0,2026-10-07 08:00:00,0.0
2026-10-07 09:00:00,1.28,3.17,2026-10-10 07:40:00,2026-10-10 07:40:00,268.0,中潮,26.0,2026-10-07 09:00:00,0.0
2026-10-07 10:00:00,0.86,3.15,2026-10-10 07:40:00,2026-10-10 07:40:00,208.86666666666667,中潮,26.0,2026-10-07 10:00:00,0.0
2026-10-07 11:00:00,0.55,3.16,2026-10-10 07:40:00,2026-10-10 07:40:00,159.13333333333333,中潮,26.0,2026-10-07 11:00:00,0.0
2026-10-07 12:00:00,0.34,3.19,2026-10-10 07:40:00,2026-10-10 07:40:00,131.56666666666666,中潮,26.0,2026-10-07 12:00:00,0.0
2026-10-07 13:00:00,0.24,3.17,2026-10-10 07:40:00,2026-10-10 07:40:00,134.13333333333333,中潮,26.0,2026-10-07 13:00:00,0.0
2026-10-07 14:00:00,0.17,3.13,2026-10-10 07:40:00,2026-10-10 07:40:00,167.70000000000002,中潮,26.0,2026-10-07 14:00:00,0.0
2026-10-07 15:00:00,0.09,3.13,2026-10-10 07:40:00,2026-10-10 07:40:00,225.5,中潮,26.0,2026-10-07 15:00:00,0.0
2026-10-07 16:00:00,0.01,3.13,2026-10-10 07:40:00,2026-10-10 07:40:00,294.7,中潮,26.0,2026-10-07 16:00:00,0.0
2026-10-07 17:00:00,0.33,3.16,2026-10-10 07:40:00,2026-10-10 07:40:00,359.23333333333335,中潮,26.0,2026-10-07 17:00:00,0.0
2026-10-07 18:00:00,1.5,3.16,2026-10-10 07:40:00,2026-10-10 07:40:00,403.8333333333333,中潮,26.0,2026-10-07 18:00:00,0.0
2026-10-07 19:00:00,2.55,3.15,2026-10-10 07:40:00,2026-10-10 07:40:00,418.0,中潮,26.0,2026-10-07 19:00:00,0.0
2026-10-07 20:00:00,2.54,3.16,2026-10-10 07:40:00,2026-10-10 07:40:00,398.5,中潮,26.0,2026-10-07 20:00:00,0.0
2026-10-07 21:00:00,1.92,3.16,2026-10-10 07:40:00,2026-10-10 07:40:00,350.3333333333333,中潮,26.0,2026-10-07 21:00:00,0.0
2026-10-07 22:00:00,1.27,3.16,2026-10-10 07:40:00,2026-10-10 07:40:00,285.8333333333333,中潮,26.0,2026-10-07 22:00:00,0.0
2026-10-07 23:00:00,0.83,3.15,2026-10-10 07:40:00,2026-10-10 07:40:00,221.46666666666667,中潮,26.0,2026-10-07 23:00:00,0.0
2026-10-08 00:00:00,0.52,3.15,2026-10-10 07:40:00,2026-10-10 07:40:00,173.83333333333334,中潮,26.0,2026-10-08 00:00:00,0.0
2026-10-08 01:00:00,0.3,3.16,2026-10-10 07:40:00,2026-10-10 07:40:00,155.20000000000002,中潮,26.0,2026-10-08 01:00:00,0.0
2026-10-08 02:00:00,0.16,3.16,2026-10-10 07:40:00,2026-10-10 07:40:00,170.66666666666666,中潮,26.0,2026-10-08 02:00:00,0.0
2026-10-08 03:00:00,0.06,3.16,2026-10-10 07:40:00,2026-10-10 07:40:00,216.29999999999998,中潮,26.0,2026-10-08 03:00:00,0.0
2026-10-08 04:00:00,-0.01,3.16,2026-10-10 07:40:00,2026-10-10 07:40:00,280.2,中潮,26.0,2026-10-08 04:00:00,0.0
2026-10-08 05:00:00,0.2,3.16,2026-10-10 07:40:00,2026-10-10 07:40:00,345.40000000000003,中潮,26.0,2026-10-08 05:00:00,0.0
2026-10-08 06:00:00,1.11,3.16,2026-10-10 07:40:00,2026-10-10 07:40:00,394.1333333333334,中潮,26.0,2026-10-08 06:00:00,0.0
2026-10-08 07:00:00,2.45,3.16,2026-10-10 07:40:00,2026-10-10 07:40:00,412.5,中潮,26.0,2026-10-08 07:00:00,0.0
2026-10-08 08:00:00,2.69,3.16,2026-10-10 07:40:00,2026-10-10 07:40:00,394.1333333333334,中潮,26.0,2026-10-08 08:00:00,0.0
2026-10-08 09:00:00,2.13,3.16,2026-10-10 07:40:00,2026-10-10 07:40:00,342.06666666666666,中潮,26.0,2026-10-08 09:00:00,0.0
2026-10-08 10:00:00,1.38,3.15,2026-10-10 07:40:00,2026-10-10 07:40:00,268.3,中潮,26.0,2026-10-08 10:00:00,0.0
2026-10-08 11:00:00,0.88,3.14,2026-10-10 07:40:00,2026-10-10 07:40:00,190.73333333333335,中潮,26.0,2026-10-08 11:00:00,0.0
2026-10-08 12:00:00,0.54,3.15,2026-10-10 07:40:00,2026-10-10 07:40:00,129.03333333333333,中潮,26.0,2026-10-08 12:00:00,0.0
2026-10-08 13:00:00,0.34,3.15,2026-10-10 07:40:00,2026-10-10 07:40:00,99.39999999999999,中潮,26.0,2026-10-08 13:00:00,0.0
2026-10-08 14:00:00,0.19,3.16,2026-10-10 07:40:00,2026-10-10 07:40:00,110.3,中潮,26.0,2026-10-08 14:00:00,0.0
2026-10-08 15:00:00,0.1,3.16,2026-10-10 07:40:00,2026-10-10 07:40:00,160.16666666666666,中潮,26.0,2026-10-08 15:00:00,0.0
2026-10-08 16:00:00,0.03,3.16,2026-10-10 07:40:00,2026-10-10 07:40:00,237.76666666666668,中潮,26.0,2026-10-08 16:00:00,0.0
2026-10-08 17:00:00,-0.01,3.15,2026-10-10 07:40:00,2026-10-10 07:40:00,324.3666666666667,中潮,26.0,2026-10-08 17:00:00,0.0
2026-10-08 18:00:00,0.46,3.15,2026-10-10 07:40:00,2026-10-10 07:40:00,398.8333333333333,中潮,26.0,2026-10-08 18:00:00,0.0
2026-10-08 19:00:00,2.03,3.16,2026-10-10 07:40:00,2026-10-10 07:40:00,442.7,中潮,26.0,2026-10-08 19:00:00,0.0
2026-10-08 20:00:00,2.92,3.17,2026-10-10 07:40:00,2026-10-10 07:40:00,444.9666666666667,中潮,26.0,2026-10-08 20:00:00,0.0
2026-10-08 21:00:00,2.73,3.18,2026-10-10 07:40:00,2026-10-10 07:40:00,405.1333333333334,中潮,26.0,2026-10-08 21:00:00,0.0
2026-10-08 22:00:00,1.9,3.16,2026-10-10 07:40:00,2026-10-10 07:40:00,333.23333333333335,中潮,26.0,2026-10-08 22:00:00,0.0
2026-10-08 23:00:00,1.21,3.16,2026-10-10 07:40:00,2026-10-10 07:40:00,247.73333333333335,中潮,26.0,2026-10-08 23:00:00,0.0
2026-10-09 00:00:00,0.77,3.15,2026-10-10 07:40:00,2026-10-10 07:40:00,170.46666666666667,中潮,27.0,2026-10-09 00:00:00,0.0
2026-10-09 01:00:00,0.47,3.15,2026-10-10 07:40:00,2026-10-10 07:40:00,121.63333333333333,中潮,27.0,2026-10-09 01:00:00,0.0
2026-10-09 02:00:00,0.27,3.15,2026-10-10 07:40:00,2026-10-10 07:40:00,114.03333333333335,中潮,27.0,2026-10-09 02:00:00,0.0
2026-10-09 03:00:00,0.14,3.15,2026-10-10 07:40:00,2026-10-10 07:40:00,150.0,中潮,27.0,2026-10-09 03:00:00,0.0
2026-10-09 04:00:00,0.04,3.15,2026-10-10 07:40:00,2026-10-10 07:40:00,220.4333333333333,中潮,27.0,2026-10-09 04:00:00,0.0
2026-10-09 05:00:00,-0.03,3.15,2026-10-10 07:40:00,2026-10-10 07:40:00,307.3666666666667,中潮,27.0,2026-10-09 05:00:00,0.0
2026-10-09 06:00:00,0.21,3.15,2026-10-10 07:40:00,2026-10-10 07:40:00,387.8666666666666,中潮,27.0,2026-10-09 06:00:00,0.0
2026-10-09 07:00:00,1.41,3.15,2026-10-10 07:40:00,2026-10-10 07:40:00,440.6666666666667,中潮,27.0,2026-10-09 07:00:00,0.0
2026-10-09 08:00:00,2.84,3.16,2026-10-10 07:40:00,2026-10-10 07:40:00,451.0333333333333,中潮,27.0,2026-10-09 08:00:00,0.0
2026-10-09 09:00:00,2.93,3.17,2026-10-10 07:40:00,2026-10-10 07:40:00,415.2,中潮,27.0,2026-10-09 09:00:00,0.0
2026-10-09 10:00:00,2.19,3.16,2026-10-10 07:40:00,2026-10-10 07:40:00,341.23333333333335,中潮,27.0,2026-10-09 10:00:00,0.0
2026-10-09 11:00:00,1.36,3.14,2026-10-10 07:40:00,2026-10-10 07:40:00,247.26666666666665,中潮,27.0,2026-10-09 11:00:00,0.0
2026-10-09 12:00:00,0.85,3.14,2026-10-10 07:40:00,2026-10-10 07:40:00,156.93333333333334,中潮,27.0,2026-10-09 12:00:00,0.0
2026-10-09 13:00:00,0.51,3.15,2026-10-10 07:40:00,2026-10-10 07:40:00,93.5,中潮,27.0,2026-10-09 13:00:00,0.0
2026-10-09 14:00:00,0.28,3.17,2026-10-10 07:40:00,2026-10-10 07:40:00,73.63333333333334,中潮,27.0,2026-10-09 14:00:00,0.0
2026-10-09 15:00:00,0.14,3.18,2026-10-10 07:40:00,2026-10-10 07:40:00,103.13333333333333,中潮,27.0,2026-10-09 15:00:00,0.0
2026-10-09 16:00:00,0.07,3.17,2026-10-10 07:40:00,2026-10-10 07:40:00,175.4333333333333,中潮,27.0,2026-10-09 16:00:00,0.0
2026-10-09 17:00:00,0.02,3.15,2026-10-10 07:40:00,2026-10-10 07:40:00,272.59999999999997,中潮,27.0,2026-10-09 17:00:00,0.0
2026-10-09 18:00:00,0.0,3.15,2026-10-10 07:40:00,2026-10-10 07:40:00,370.3666666666666,中潮,27.0,2026-10-09 18:00:00,0.0
2026-10-09 19:00:00,0.95,3.15,2026-10-10 07:40:00,2026-10-10 07:40:00,444.06666666666666,中潮,27.0,2026-10-09 19:00:00,0.0
2026-10-09 20:00:00,2.83,3.15,2026-10-10 07:40:00,2026-10-10 07:40:00,474.6666666666667,中潮,27.0,2026-10-09 20:00:00,0.0
2026-10-09 21:00:00,3.13,3.24,2026-10-10 07:40:00,2026-10-10 07:40:00,454.2,中潮,27.0,2026-10-09 21:00:00,0.0
2026-10-09 22:00:00,2.55,3.23,2026-10-10 07:40:00,2026-10-10 07:40:00,387.6666666666667,中潮,27.0,2026-10-09 22:00:00,0.0
2026-10-09 23:00:00,1.65,3.18,2026-10-10 07:40:00,2026-10-10 07:40:00,291.93333333333334,中潮,27.0,2026-10-09 23:00:00,0.0
2026-10-10 00:00:00,1.03,3.15,2026-10-10 07:40:00,2026-10-10 07:40:00,191.4,大潮,28.0,2026-10-10 00:00:00,0.0
2026-10-10 01:00:00,0.64,3.15,2026-10-10 07:40:00,2026-10-10 07:40:00,112.03333333333335,大潮,28.0,2026-10-10 01:00:00,0.0
2026-10-10 02:00:00,0.37,3.16,2026-10-10 07:40:00,2026-10-10 07:40:00,74.56666666666666,大潮,28.0,2026-10-10 02:00:00,0.0
2026-10-10 03:00:00,0.19,3.16,2026-10-10 07:40:00,2026-10-10 07:40:00,89.0,大潮,28.0,2026-10-10 03:00:00,0.0
2026-10-10 04:00:00,0.08,3.17,2026-10-10 07:40:00,2026-10-10 07:40:00,152.0666666666667,大潮,28.0,2026-10-10 04:00:00,0.0
2026-10-10 05:00:00,-0.01,3.17,2026-10-10 07:40:00,2026-10-10 07:40:00,247.9333333333333,大潮,28.0,2026-10-10 05:00:00,0.0
2026-10-10 06:00:00,-0.06,3.16,2026-10-10 07:40:00,2026-10-10 07:40:00,352.09999999999997,大潮,28.0,2026-10-10 06:00:00,0.0
2026-10-10 07:00:00,0.39,3.15,2026-10-10 07:40:00,2026-10-10 07:40:00,437.73333333333335,大潮,28.0,2026-10-10 07:00:00,0.0
